date,ticker,current_price,action,insights,confidence,reason,52_week_high,52_week_low,day_high,day_low,volume,market_cap,sector,pe_ratio,dividend_yield,beta,fifty_day_avg,two_hundred_day_avg,price_to_book,eps,ytd_return,recent_trend,recommendation
2025-04-22 22:20:24,QQQ,444.48,SELL,"['QQQ experienced outflows due to a tech stock selloff, indicating some investor caution towards the tech sector, as well as broad market trends remaining mixed.', ""QQQ's price continues to decline, as its current price of $444.48 is lower than both its 50-day average of $483.96 and 200-day average of $491.83, with a YTD return of -8.11%."", 'While the broader market sentiment showed signs of recovery in some sectors, QQQ, as a tech-heavy ETF, is susceptible to market downturns influenced by factors such as trade policy uncertainties and concerns about central bank independence.']",Medium,"QQQ is experiencing outflows and its price is trending below its moving averages. Given prevailing economic uncertainties and geopolitical risks, a more cautious approach is warranted.",540.81,402.39,447.58,437.62,48862104,174725087232.0,Invesco (Large Growth),28.6023,0.64,,483.9592,491.83154,1.2423486,15.5400095,-8.11494,"[454.4, 457.48, 457.99, 444.18, 444.1, 433.11, 444.48]",
2025-04-22 22:20:50,GOOG,153.9,HOLD,"[""Google's strategic decisions regarding OpenAI partnerships (rejection of search engine integration, potential Chrome acquisition) indicate a complex competitive landscape and may impact future market share in search and AI. Investors should monitor these dynamics."", ""Despite concerns about Google's AI progress (stock is down almost 20% YTD), recent financial performance shows improvement driven by AI initiatives like Gemini and Circle to Search, suggesting these investments are beginning to pay off. However, increased costs related to Gemini app installations on Samsung devices are a factor to watch."", ""Google's handling of third-party cookies in Chrome balances privacy concerns with advertising revenue stability. The decision to forgo a standalone prompt points to a gradual transition to Privacy Sandbox and alternative advertising solutions, minimizing short-term revenue disruption.""]",Medium,"The news presents a mixed picture for GOOG. While there are concerns regarding AI competition and rising costs, the company's AI investments are showing positive results, and its handling of privacy changes appears strategic. The current price of $153.90 is below both the 50-day and 200-day moving averages, suggesting a potential buying opportunity if the AI investments continue to drive growth. Also, the market will react to the potential outcomes of both the Department of Justice raising antitrust concerns and Microsoft's influence. Given these countervailing factors, a HOLD recommendation is appropriate until more clarity emerges.",208.7,142.66,154.61,150.871,15589777,1859773661184.0,Communication Services,19.165628,0.52,1.035,167.7846,174.3986,5.780933,8.03,,"[159.4, 161.47, 158.68, 155.5, 153.36, 149.86, 153.9]",
2025-04-22 22:21:17,META,500.28,HOLD,"[""Meta's strategic focus on short-form video content creation tools, exemplified by the launch of 'Edits,' aims to strengthen its creator ecosystem and mitigate risks associated with TikTok's potential regulatory challenges. This initiative can attract and retain creators, driving engagement and monetization within Meta's platforms, potentially offsetting revenue loss from other factors."", ""The potential loss of $7 billion in revenue due to tariffs, coupled with reliance on Chinese advertisers, poses a significant financial risk to Meta. While the launch of 'Edits' and focus on the creator economy is a positive development, the financial impact of these trade-related headwinds cannot be ignored."", ""Despite the recent dip in stock price and trading below both the 50-day and 200-day moving averages, Meta's P/E ratio remains reasonable. The new app launch has potential to generate future revenue.""]",Medium,"While Meta is actively innovating and trying to diversify its revenue streams with 'Edits', the potential revenue loss from tariffs and regulatory uncertainty creates some short-term downside risk. The stock's current price is also significantly below its 52-week high. It's best to HOLD and monitor these developments before making a more decisive move.",740.91,414.5,506.88,486.36,16271312,1262931804160.0,Communication Services,20.967308,0.42,1.279,609.889,578.16925,6.9411035,23.86,,"[543.57, 531.48, 521.52, 502.31, 501.48, 484.66, 500.28]",
2025-04-22 22:21:44,SPXL,110.43,SELL,"['Recent news indicates a risk-off sentiment in the market with investors moving towards safer assets and reducing exposure to leveraged ETFs like SPXL. This is reflected in the outflows from leveraged ETFs and U.S. equity funds, as well as increased investment in fixed income and utilities.', ""The OECD's reduced U.S. economic growth forecasts, combined with persistent core inflation, suggest potential headwinds for the S&P 500. SPXL, being a 3x leveraged ETF, would amplify any negative impacts on the index."", ""While slowing producer price growth and a strong labor market provide some near-term positive indicators, SPXL's current price ($110.43) is significantly below its 50-day ($146.57) and 200-day ($159.99) moving averages, and with a YTD return of -16.46%, this reinforces the negative trend.""]",High,"Given the risk-off sentiment, negative economic forecasts, outflows from leveraged ETFs, and SPXL's poor recent performance relative to its moving averages, selling is the most prudent action to minimize potential losses. SPXL is designed for short term trading and is likely to underperform the index returns over the long term due to its construction.",190.34,87.08,111.89,105.8544,6418504,,Direxion Funds (Trading--Leveraged Equity),19.601595,0.96,,146.5734,159.98515,,5.633725,-16.46062,"[115.74, 119.14, 118.29, 110.39, 110.64, 102.76, 110.43]",
2025-04-22 22:21:59,TECL,42.72,HOLD,"[""TECL's price is significantly below its 52-week high, currently trading at $42.72 compared to a high of $112.78, indicating a substantial potential for price appreciation if it recovers. However, its current price is slightly above its 52-week low of $32.52, suggesting limited downside risk."", 'The recent trend shows a volatile price movement, with a noticeable drop from $49.24 to $42.72 in the past few trading days. This volatility may indicate short-term selling pressure or broader market uncertainty affecting leveraged equity funds.', 'TECL has a positive P/E ratio of 23.84 and a dividend yield of 0.61%, which may attract value investors. However, the negative YTD return of -35.30% and the price being below both the 50-day and 200-day averages suggest underperformance in the recent past, which should be considered with caution.']",Medium,"While TECL is trading well below its 52-week high, offering potential upside, the recent downward price trend and negative YTD return indicate a need for caution. The positive P/E ratio and dividend yield provide some support, but the overall picture suggests holding the stock to observe further price movements before making a more decisive action.",112.78,32.52,43.5492,40.83,1861076,,Direxion Funds (Trading--Leveraged Equity),23.84071,0.61,,66.673,83.217,,1.791893,-35.30439,"[47.45, 48.67, 49.24, 44.16, 43.34, 39.94, 42.72]",
2025-04-22 22:22:25,UNH,427.18,HOLD,"['UNH stock has experienced a significant price decline, trading near its 52-week low after missing earnings expectations, but analysts remain optimistic, particularly regarding its domestic Medicare focus. This suggests a potential value opportunity for long-term investors.', 'Despite the recent drop, UNH is viewed as a low-volatility stock, attracting investors seeking stability amid market uncertainty. Morgan Stanley anticipates a recovery in 2026, indicating a long-term growth trajectory.', 'Technical analysis suggests UNH is approaching oversold territory and might experience a bounce. The current price is significantly below moving averages, providing an opportunity for price appreciation if it recovers to the $490-$530 range.']",Medium,"While the stock has declined significantly and missed recent earnings expectations, analyst optimism and low volatility make it a potentially attractive holding for risk-averse investors. The anticipated recovery in 2026 further supports holding the stock for long-term gains. However, potential investors should carefully consider the missed earnings expectations and potential risks before buying.",630.73,417.12,431.4999,417.12,10117576,388829478912.0,Healthcare,17.88861,1.97,0.618,508.9492,548.8809,3.8899612,23.88,,"[599.47, 587.06, 583.59, 585.04, 454.11, 425.33, 427.18]",
2025-04-22 22:22:49,MSFT,366.82,HOLD,"[""Microsoft's cloud businesses, particularly Azure and Microsoft 365, are projected to experience strong growth due to increased adoption, digital transformation, and the integration of GenAI. Analysts view Microsoft as well-positioned to capitalize on GenAI, potentially leading to underestimated long-term revenue growth."", ""Microsoft's investment in OpenAI, while presenting opportunities through content licensing deals and enhanced AI capabilities like ChatGPT, also carries legal risks related to copyright infringement, which could result in financial penalties and reputational damage."", ""Despite lowered price targets from some analysts amid macro uncertainty and government AI regulation concerns, the overall analyst consensus remains positive, with a strong buy recommendation based on their analysis of Microsoft's position in the AI market, product development with Copilot, and strong cloud outlook.""]",Medium,"While Microsoft's long-term growth prospects in the cloud and AI sectors remain strong, current legal challenges and lowered price targets suggest some short-term headwinds. The recent stock trend shows a decline from its 50 and 200-day averages, with the current price significantly below its 52-week high. This indicates a need for caution, and holding existing positions seems appropriate until there is more clarity on the legal and regulatory landscape and evidence of a reversal in the downward price trend.",468.35,344.79,367.76,359.8602,17975458,2726932512768.0,Technology,29.58226,0.91,1.0,388.8216,416.56476,9.010119,12.4,,"[388.45, 387.81, 385.73, 371.61, 367.78, 359.12, 366.82]",
2025-04-22 22:23:14,NVDA,98.89,BUY,"['Nvidia faces short-term revenue headwinds due to China export restrictions affecting the H20 GPU, potentially impacting $5.5 billion in sales. However, the company can mitigate this by redirecting production to higher-margin products like the Hopper and Blackwell lines, which are in high demand and have no equivalent replacement in the Chinese market, which opens the opportunity for black market sales.', 'Despite recent price drops (18% in the last month, 30% in the last 3 months), NVDA is still viewed as a leading AI stock with strong long-term growth potential, driven by increasing demand from cloud infrastructure providers and high interest from hedge funds. Analysts consider its valuation attractive relative to its growth prospects, with a forward earnings multiple of 21.', ""NVDA's current stock price is trading significantly below both its 52-week high and its 50-day and 200-day moving averages which indicates that the stock may be undervalued. The recent partnership with Vertiv to launch a Sovereign AI Data Center in Italy signals continued expansion and long-term growth, with analysts predicting substantial revenue growth by 2028.""]",Medium,"While there are short-term concerns regarding China export restrictions, Nvidia's ability to shift production to higher-margin products, coupled with strong demand in the AI sector and the company's leading position, makes the current price a potentially attractive entry point. Hedge fund accumulation and positive analyst outlooks provide additional confidence. However, investors should be aware of market volatility and do their own research.",153.13,78.223,99.811,97.28,231184779,2412915982336.0,Technology,33.636055,0.04,1.958,116.7922,125.8933,30.512188,2.94,,"[110.93, 110.71, 112.2, 104.49, 101.49, 96.91, 98.89]",
2025-04-22 22:23:38,AAPL,199.74,HOLD,"[""Apple's stock is currently trading significantly below its 52-week high, and recent analyst target price reductions reflect concerns about trade tensions and AI development lagging behind competitors, creating downward pressure."", ""The overhaul of the Siri team indicates a commitment to improving Apple's AI capabilities, but this transition also carries a risk of short-term disruptions and uncertainty in service performance."", 'Despite Berkshire Hathaway reducing its Apple stake, Apple remains a significant holding, and its potential to become a leading AI distribution platform through its large installed base of devices represents a key growth opportunity.']",Medium,"While there are concerns about AI competition and recent price target reductions, Apple's strong market position, potential for AI distribution, and overhaul of Siri suggest long-term potential. The current price being significantly below its 50-day and 200-day moving averages indicates a potential buying opportunity if the AI initiatives prove successful, but the risks warrant caution. The relatively high P/E ratio and Price-to-Book ratio suggests the stock is still richly valued.",260.1,166.21,201.59,196.0,51869389,3000514379776.0,Technology,31.755169,0.5,1.259,220.463,227.9305,45.00676,6.29,,"[198.15, 202.52, 202.14, 194.27, 196.98, 193.16, 199.74]",
2025-04-22 22:24:10,AMZN,173.18,HOLD,"[""AMZN's stock exhibits mixed signals: Recent underperformance and downward earnings estimate revisions contrast with discounted valuation relative to analyst targets, supported by strong revenue and earnings."", 'Macroeconomic factors and sector-specific challenges influence AMZN: Exposure to US-China trade tensions and increasing pressure for Scope 3 emissions disclosure add to the uncertainty, while advancements in AI and automation offer long-term growth prospects.', ""The recent pause in data center leasing for AWS indicates a potential shift in strategy, possibly towards cost optimization or a reassessment of cloud demand, which could impact AWS's expansion and profitability.""]",Medium,"The combination of positive long-term growth potential in AI and automation, countered by short-term headwinds from macroeconomic factors and mixed earnings revisions, suggests a HOLD strategy is appropriate. The current price is below both the 50-day and 200-day moving averages, indicating potential for price recovery, but the mixed news flow warrants caution.",242.52,151.61,176.78,169.35,52854921,1837855408128.0,Consumer Cyclical,31.373188,,1.393,199.3208,199.4295,6.4150243,5.52,,"[184.87, 182.12, 179.59, 174.33, 172.61, 167.32, 173.18]",
2025-04-22 22:24:50,TQQQ,45.06,SELL,"['TQQQ is trading significantly below its 52-week high, indicating a substantial price decline. The recent price trend shows volatility, with recent dips followed by slight recoveries, but still a downward trend over the last week. This could represent a buying opportunity for risk-tolerant investors if they anticipate a near-term rebound in the Nasdaq 100, but the YTD return is still negative, indicating the fund has lost value this year.', ""Despite some inflows into TQQQ as noted in the news articles, there is a general cautionary sentiment in the market with some investors fleeing equities in general as indicated by bond inflows. Bill Ackman's warning highlights the inherent dangers of leveraged ETFs, particularly their potential to amplify losses and contribute to market instability. TQQQ's high expense ratio and the complexities of leveraged daily returns are also important considerations."", ""TQQQ's performance is highly sensitive to short-term market movements, making it unsuitable for long-term buy-and-hold investors. The significant outflows from QQQ coupled with inflow into TQQQ might suggest investors were fleeing the general tech sector while more risk tolerant investors were seeking higher potential returns from a narrower, leveraged position within that sector (TQQQ).""]",Medium,"Given the current market volatility, negative YTD return, the inherent risks associated with leveraged ETFs highlighted by experts like Bill Ackman, and the fact that TQQQ is still trading far below its 52-week high, it is prudent to sell. The potential for further losses outweighs the potential for short-term gains, especially for investors with a low-risk tolerance.",93.79,35.0,45.9798,43.1,120883844,,ProShares (Trading--Leveraged Equity),23.729252,1.72,,64.2566,72.27525,,1.8989221,-27.31051,"[48.58, 49.6, 49.79, 45.29, 45.16, 41.86, 45.06]",
2025-04-22 22:40:30,NFLX,1040.34,,,Medium,"The price is very close to its 52-week high and has shown strong recent upward momentum. However, the valuation is high based on P/E and Price-to-Book ratios, suggesting it might be fully priced. Therefore, HOLD.",1064.97,544.25,1064.97,1004.52,9051842,442738540544.0,Communication Services,49.25852,,1.547,959.1986,822.6697,18.430712,21.12,,"[918.29, 931.28, 976.28, 961.63, 973.03, 987.91, 1040.34]",HOLD
2025-04-22 22:41:29,QQQ,444.48,SELL,"['QQQ experienced net outflows and underperformed the S&P 500, suggesting investor caution towards tech stocks amidst market volatility, particularly due to concerns surrounding prominent holdings like Tesla and Nvidia.', 'Despite outflows, the continued investor interest in leveraged tech ETFs (TQQQ) indicates a divided market sentiment, with some investors viewing the dip as a buying opportunity while others reduce tech exposure.', ""While Bitcoin's potential decoupling from QQQ may present diversification opportunities, investors should carefully assess macroeconomic factors influencing both Bitcoin and tech stocks, such as changes in global money supply and trade war implications.""]",Medium,"QQQ is trading below both its 50-day and 200-day moving averages, and coupled with the recent outflows and negative YTD return, the trend suggests a continued downward pressure in the short term. The market volatility and potential sector rotation away from tech warrant a cautious approach.",540.81,402.39,447.58,437.62,48862104,174725087232.0,Invesco (Large Growth),28.6023,0.64,,483.9592,491.83154,1.2423486,15.5400095,-8.11494,"[454.4, 457.48, 457.99, 444.18, 444.1, 433.11, 444.48]",
2025-04-22 22:42:08,QQQ,444.48,SELL,"['QQQ experienced net outflows of $2.6 billion, suggesting some investors are reducing tech exposure, while leveraged tech ETFs (TQQQ) saw inflows, indicating a divergence in sentiment with some betting on a tech rebound.', 'Despite market losses highlighted by a nearly 1,000-point Dow plunge, QQQ still attracted $5.1 billion in net inflows, reflecting continued investor interest in tech-heavy Nasdaq-100 stocks, even during downturns, though AUM decreased due to market volatility.', 'QQQ is trading significantly below its 52-week high (approximately 17% lower), and also below both its 50-day and 200-day moving averages, suggesting a potential downtrend and that the market has priced in negative sentiment on tech.']",Medium,"The significant outflows, combined with the stock price being below key moving averages and a considerable distance from its 52-week high, suggest a continued bearish sentiment towards the tech sector. The divergence in investor strategy is not enough to warrant a buy, and it may be better to sell.",540.81,402.39,447.58,437.62,48862104,174725087232.0,Invesco (Large Growth),28.6023,0.64,,483.9592,491.83154,1.2423486,15.5400095,-8.11494,"[454.4, 457.48, 457.99, 444.18, 444.1, 433.11, 444.48]",
2025-04-22 22:42:32,GOOG,153.9,HOLD,"[""Potential asset sales (e.g., Chrome) due to antitrust pressure could unlock value, but also disrupt Google's dominance if OpenAI (backed by Microsoft) acquires Chrome and switches the default search engine to Bing."", ""Google's aggressive investment in AI, as evidenced by payments for Gemini app installs and integration across platforms, suggests a strategic focus on long-term growth in the AI market despite potentially impacting short-term profitability."", ""The decision to forgo a standalone prompt for third-party cookies in Chrome aims to minimize user disruption and regulatory scrutiny, but it necessitates finding alternative solutions to maintain advertising revenue, the success of which is crucial for Google's financial performance.""]",Medium,"While Alphabet is making significant strides in AI and navigating regulatory challenges, the potential disruption to its core search business and the costs associated with AI deployment create uncertainty. The stock price has pulled back, making it less overvalued than previously, but the near-term outlook remains mixed. The current stock price is also trading below both 50-day and 200-day moving average, which may indicate a downward trend.",208.7,142.66,154.61,150.871,15589777,1859773661184.0,Communication Services,19.165628,0.52,1.035,167.7846,174.3986,5.780933,8.03,,"[159.4, 161.47, 158.68, 155.5, 153.36, 149.86, 153.9]",
2025-04-22 22:42:58,META,500.28,HOLD,"[""Meta's recent launch of the 'Edits' video editing app signals a strategic move to strengthen its ecosystem and compete with rivals like CapCut. This aims to enhance user engagement and provide creators with integrated tools, potentially driving monetization and data-driven advertising strategies within Meta's platforms."", ""Concerns raised by Meta and Snap regarding Australia's treatment of YouTube highlight increasing regulatory scrutiny and competition in the social media landscape. These challenges may lead to increased compliance costs and impact market dynamics."", ""Despite strategic advancements, Meta faces potential revenue losses from China. The stock's price is trending downwards, moving away from its 52-week high of $740.91. ""]",Medium,"While the launch of 'Edits' and strategic regulatory maneuvers present potential upsides, the declining stock price and the risk of revenue loss from China suggest caution. The recent downward trend in stock price and distance from 52 week high further justify a hold.",740.91,414.5,506.88,486.36,16271312,1262931804160.0,Communication Services,20.967308,0.42,1.279,609.889,578.16925,6.9411035,23.86,,"[543.57, 531.48, 521.52, 502.31, 501.48, 484.66, 500.28]",
2025-04-22 22:43:25,SPXL,110.43,SELL,"['Recent news indicates a mixed economic outlook with concerns about trade wars and slowing growth, countered by cooling inflation data. This creates uncertainty for SPXL, a 3x leveraged ETF highly sensitive to market volatility.', 'Investor sentiment appears risk-averse, with flows into safer assets and outflows from broad market and leveraged ETFs, suggesting a cautious short-term market outlook. This shift away from risk could negatively impact SPXL.', ""SPXL's current price is significantly below its 52-week high and below both its 50-day and 200-day moving averages. This, combined with negative YTD return of -16.46%, suggests a downtrend, highlighting the risks associated with holding a leveraged ETF during periods of market uncertainty.""]",Medium,"Given the mixed economic signals, risk-off sentiment, and SPXL's downtrend and leveraged nature, selling to reduce exposure seems prudent. The inherent risks of leveraged ETFs are amplified in the current uncertain environment.",190.34,87.08,111.89,105.8544,6418504,,Direxion Funds (Trading--Leveraged Equity),19.601595,0.96,,146.5734,159.98515,,5.633725,-16.46062,"[115.74, 119.14, 118.29, 110.39, 110.64, 102.76, 110.43]",
2025-04-22 22:43:40,TECL,42.72,HOLD,"['TECL is a leveraged ETF, and the underlying company, Abacus Plumbing (TECL 30557 included), is investing in workforce development through ESL programs, suggesting a commitment to employee retention and potentially higher service quality.', 'Abacus Plumbing (TECL 30557 included) is part of Wrench Group, LLC, a larger organization. This association provides Abacus and TECL 30557 with stability, access to resources, and an established reputation from serving over 700,000 customers annually, which contributes to the overall TECL value.', ""TECL's current price of $42.72 is significantly below its 52-week high of $112.78, but near its 52-week low of $32.52. Additionally, TECL's YTD return is -35.30439, and its recent trend is downward, suggesting potential challenges in the near term. The PE ratio is 23.84071 and the sector is Direxion Funds (Trading--Leveraged Equity).""]",Medium,"While the underlying company, Abacus Plumbing, shows positive signs with workforce investment and being part of a larger, stable organization, the stock data for TECL indicates a concerning downward trend, a significant drop from its 52-week high, and a negative YTD return. The leveraged nature of the ETF adds further risk. Therefore, a HOLD strategy is suggested to monitor performance before making a buy or sell decision.",112.78,32.52,43.5492,40.83,1861076,,Direxion Funds (Trading--Leveraged Equity),23.84071,0.61,,66.673,83.217,,1.791893,-35.30439,"[47.45, 48.67, 49.24, 44.16, 43.34, 39.94, 42.72]",
2025-04-22 22:44:06,UNH,427.18,HOLD,"[""UNH's stock has experienced a significant drop, trading significantly below its 50-day and 200-day moving averages and approaching its 52-week low, indicating potential short-term downside risk. However, this also presents a possible buying opportunity if the investor believes in the long-term fundamentals and anticipates a recovery."", ""Despite recent earnings miss and updated FY2025 outlook reflecting challenges such as higher care activity and patient mix changes, analysts remain confident with outperform ratings. Additionally, UNH's revenue is still expected to outpace the overall US Healthcare industry, indicating potential growth and market share gains."", ""In the current volatile market environment marked by AI competition, trade tensions, and economic uncertainty, investors are favoring low-volatility stocks as a defensive strategy. UNH's relatively low beta (0.618) and status as a low volatility stock make it an attractive option for investors seeking to preserve capital amidst broader market turmoil.""]",Medium,"While UNH faces short-term challenges, its long-term growth potential and defensive characteristics in a volatile market suggest holding the stock. The recent price drop could present a buying opportunity for long-term investors, but further monitoring of the company's performance and market conditions is warranted before making a buy decision. Analyst confidence also provides a positive signal.",630.73,417.12,431.4999,417.12,10117576,388829478912.0,Healthcare,17.88861,1.97,0.618,508.9492,548.8809,3.8899612,23.88,,"[599.47, 587.06, 583.59, 585.04, 454.11, 425.33, 427.18]",
2025-04-22 22:44:32,MSFT,366.82,HOLD,"[""Microsoft's Azure cloud business has strong long-term growth potential, driven by public/hybrid cloud migration, digital transformation, and generative AI, making it well-positioned to capitalize on the AI revolution."", 'Microsoft is proactively addressing legal risks associated with AI content by securing content licensing agreements with news sources like The Washington Post, signaling a commitment to responsible AI development.', ""Despite recent declines in stock price and lowered price targets from analysts, Microsoft's strong analyst sentiment persists and the company continues to benefit from advancements in OpenAI's AI models.""]",Medium,"While there are some headwinds related to government AI contracts and recent stock price declines, the company's strong position in cloud computing and AI, combined with proactive measures to address legal concerns, suggest that holding the stock is the most prudent action. The positive analyst sentiment and continued advancements in AI models further support this decision.",468.35,344.79,367.76,359.8602,17975458,2726932512768.0,Technology,29.58226,0.91,1.0,388.8216,416.56476,9.010119,12.4,,"[388.45, 387.81, 385.73, 371.61, 367.78, 359.12, 366.82]",
2025-04-22 22:44:56,NVDA,98.89,HOLD,"['Nvidia faces near-term revenue headwinds due to export restrictions to China, potentially impacting sales by $5.5 billion. However, the company is adapting by focusing on non-banned chips, exploring black market demand, and shifting production to higher-margin chips like Hopper and Blackwell.', 'NVDA is recognized as a leading AI stock with significant long-term growth potential. Analysts forecast substantial revenue and EPS growth, driven by cloud infrastructure investments and accelerating AI adoption. The company is also partnering to expand its AI data center presence.', ""Despite positive developments, NVDA's stock is volatile and influenced by broader market trends, tariff uncertainties, and Federal Reserve concerns. Valuation concerns persist, and the company faces potential weaknesses that investors should investigate further. The stock price has recently declined, and is currently below its 50-day and 200-day moving averages, although it is still above its 52-week low.""]",Medium,"While Nvidia's long-term prospects in AI remain strong, the near-term challenges related to export restrictions and market volatility warrant a cautious approach. The stock's current price reflects a potential buying opportunity based on future growth, but the uncertainties suggest holding existing positions is more prudent than aggressively buying or selling.",153.13,78.223,99.811,97.28,231184779,2412915982336.0,Technology,33.636055,0.04,1.958,116.7922,125.8933,30.512188,2.94,,"[110.93, 110.71, 112.2, 104.49, 101.49, 96.91, 98.89]",
2025-04-22 22:48:57,QQQ,444.48,HOLD,"['QQQ experienced net inflows for Q1, indicating investor confidence despite a market-driven AUM decrease of $26.8 billion, highlighting vulnerability to Nasdaq-100 volatility.', 'QQQ saw outflows while the leveraged TQQQ saw inflows, revealing speculative attempts to capitalize on the tech dip, indicative of differing investor risk tolerances.', ""Bitcoin's potential decoupling from QQQ and relative strength presents a diversification opportunity but may also signal broader economic concerns that could negatively impact risk assets like tech stocks.""]",Medium,"Mixed signals exist. While QQQ experiences inflows suggesting investor confidence, it also faces market-related AUM decline and sector-specific outflows during downturns. Bitcoin's decoupling introduces a diversification element but simultaneously raises concerns about broader market stability. The current price of $444.48 is significantly below both the 50-day and 200-day averages, and closer to its 52-week low than high, suggesting it is not an ideal time to buy. A more cautious HOLD strategy is advised until clearer market trends emerge.",540.81,402.39,447.58,437.62,48862104,174725087232.0,Invesco (Large Growth),28.6023,0.64,,483.9592,491.83154,1.2423486,15.5400095,-8.11494,"[454.4, 457.48, 457.99, 444.18, 444.1, 433.11, 444.48]",
2025-04-22 22:50:34,QQQ,444.48,HOLD,"['QQQ experienced outflows of $2.6 billion amidst a broader trend of ETF inflows into U.S. equities, driven by declines in tech stocks like Tesla and Nvidia. This indicates short-term investor fear and a reduction in exposure to the tech sector.', ""Despite recent outflows, QQQ still attracted $5.1 billion in net inflows during Q1, showcasing continued investor interest in the fund's tech-heavy Nasdaq-100 exposure, even during market volatility. However, the current price of $444.48 is significantly below both the 50-day ($483.96) and 200-day ($491.83) moving averages, suggesting a potential downward trend."", ""Bitcoin's potential decoupling from tech stocks, combined with increased institutional interest, introduces a new dynamic. If Bitcoin acts as a hedge against tech downturns, it could indirectly impact QQQ, especially if Nasdaq-100 companies increase their Bitcoin holdings.""]",Medium,"While QQQ has faced recent outflows and is trading below key moving averages, indicating potential short-term weakness, the continued overall inflows in Q1 suggest underlying investor confidence. The mixed market sentiment, with inflows into other ETFs like SPY and DIA, warrants caution. The potential impact of Bitcoin's decoupling adds further uncertainty. Therefore, it's prudent to hold existing positions and monitor the evolving market dynamics before making further decisions.",540.81,402.39,447.58,437.62,48862104,174725087232.0,Invesco (Large Growth),28.6023,0.64,,483.9592,491.83154,1.2423486,15.5400095,-8.11494,"[454.4, 457.48, 457.99, 444.18, 444.1, 433.11, 444.48]",
